ID,FirstName,LastName,Country,City,Phone
100,Lynde,Selway,Faroe Islands,Mamoudzou,1098889777
101,Chrystel,Kelula,Brazil,Amsterdam,1040146644
102,Luci,Heisel,Syrian Arab Republic,Tabriz,1037979842
103,Dale,Koehler,Samoa,Quezon City,1025153321
104,Ashlee,Chapland,Reunion,Tianjin,1101925592
105,Joelly,Cookie,Mauritius,Faisalabad,1010173706
106,Lusa,Meter,Papua New Guinea,Multan,1071364928
107,Lucille,Orelee,Zambia,Bandar Seri Begawan,1097593040
108,Meghann,Wildermuth,Japan,Vilnius,1082887565
109,Trudie,Yuille,Thailand,Ushuaia,1019666645
110,Catharine,Schenck,Saint Pierre and Miquelon,Douala,1108096644
111,Ann-Marie,Klotz,Bahamas,Beijing,1074211192
112,Lorenza,Iiette,Anguilla,Assis,1058238065
113,Alyssa,Infield,Niger,Cotonou,1023963223
114,Leia,Chabot,Ireland,Timbuktu,1103838785
115,Arabel,Monaco,Moldova,Honolulu,1086167988
116,Madalyn,Weide,Switzerland,Magadan,1057271768
117,Carilyn,Roscoe,Mauritania,Apia,1066865709
118,Jsandye,Tatianas,Sudan,Warsaw,1108785077
119,Mady,Mehalek,Saint Helena,Abuja,1045587894
120,Binny,Doig,Togo,Boa Vista,1076473056
121,Flory,Albertine,Mayotte,Mandurah,1054865216
122,Cissiee,Ethban,Luxembourg,Singapore,1015029696
123,Maridel,Orlene,Trinidad and Tobago,Düsseldorf,1086094687
124,Brooks,Ehrman,Guatemala,George Town,1036134045
125,Morganica,Fredi,Ghana,Praia,1020272019
126,Gwenneth,Toffic,Cook Islands,São Paulo,1105838358
127,Gui,Solitta,Kenya,Podgorica,1069730489
128,Jessamyn,Niles,United Arab Emirates,Liverpool,1109578479
129,Almeta,Bettine,China,Durban,1067742474
130,Nita,Grobe,Pakistan,Bangkok,1083361703
131,Lexine,Revkah,Brunei Darussalam,Tórshavn,1101769149
132,Hannis,Celestine,Faroe Islands,Handan,1022155480
133,Georgina,Fosque,Pitcairn,Sapporo,1065060019
134,Laurene,Bohlin,Macao,Newcastle,1086790185
135,Tamqrah,Kimmie,Russian Federation,Chişinău,1043070834
136,Kara-Lynn,Joni,Germany,Wellington,1033956130
137,Roslyn,Maxi,Egypt,Abidjan,1009339558
138,Heddie,Lumbard,Mayotte,Kawasaki,1100855359
139,Maye,Francene,Fiji,Kota Bharu,1084144873
140,Camile,Korey,France,Mendoza,1033031106
141,Briney,Sidonius,Bulgaria,Chiang Mai,1076145572
142,Ileana,Carri,Switzerland,Incheon,1057762563
143,Kimmy,Pauly,Ukraine,Las Palmas,1075994646
144,Alex,Zetta,United States,Yangon,1035574887
145,Renie,Delp,Saudi Arabia,Petropavlovsk-Kamchatsky,1043594099
146,Philis,Trace,Honduras,Tampa,1008512780
147,Rhoda,Dudley,Qatar,Kota Bharu,1002024041
148,Andeee,Thilda,Lebanon,Zapopan,1104939891
149,Ermengarde,Joni,Barbados,Zhengzhou,1098886717
150,Aili,Sharl,Portugal,Providence,1019069932
151,Lyssa,Ashok,Kiribati,Karachi,1104343323
152,Joeann,Cristi,French Southern Territories,Valencia,1070875083
153,Kaia,Center,Uruguay,Palembang,1041405652
154,Johna,Faria,Costa Rica,Chicago,1062369739
155,Christy,Connelly,Cuba,Athens,1105006147
156,Bernie,Malina,Nauru,Sukhumi,1086273270
157,Yvonne,Kauppi,Nicaragua,Arbil,1046847637
158,Hettie,Keily,Kenya,Arbil,1058763385
159,Gabi,Amasa,Guatemala,Niamey,1049387461
160,Peri,Henebry,Germany,Doha,1021759549
161,Aaren,Berne,Monaco,Xining,1100793133
162,Talya,Bethany,Åland Islands,Port Vila,1087163649
163,Rhea,Iphlgenia,Niue,Montevideo,1051190626
164,Belva,Jacobah,Sri Lanka,Darwin,1022689623
165,Fawne,Maurine,Mozambique,Libreville,1107246545
166,Marline,Pettiford,Guernsey,Hyderabad,1072968845
167,Cecile,Dichy,Azerbaijan,Havana,1058623559
168,Molli,Harned,Cuba,Ljubljana,1081529854
169,Marcy,Lindemann,Ghana,Manila,1000709409
170,Feliza,Love,Korea,İzmir,1091488246
171,Leona,Jillane,Tokelau,Kandahar,1014166982
172,Glenda,Tomasina,Guernsey,Riverside,1014067192
173,Katleen,Erich,Benin,Fukuoka,1000791665
174,Elbertina,Aprile,Solomon Islands,Alofi,1059364230
175,Jany,Lauraine,Botswana,Baghdad,1096353190
176,Genovera,Lowry,Russian Federation,Cayenne,1031252937
177,Yvonne,Zeeba,Afghanistan,Cannes,1022429457
178,Tarra,Simmonds,Anguilla,Kunming,1097607498
179,Nita,Turne,Moldova,Yellowknife,1045862250
180,Liana,Catie,Bolivia,Nouméa,1008931516
181,Janey,Hartnett,Somalia,Shillong,1006253076
182,Aeriela,Hewitt,Malta,Tagbilaran,1088346449
183,Tamqrah,Corabella,Swaziland,Agartala,1085607882
184,Romona,Bohlin,Western Sahara,Mecca,1000609933
185,Justinn,Kazimir,Samoa,Kingston,1088444884
186,Fanny,Jena,Finland,Mumbai,1102624654
187,Brynna,Adamsen,Dominican Republic,Toronto,1017309205
188,Zondra,Chrystel,Svalbard and Jan Mayen,Salzburg,1069628544
189,Brietta,Berl,British,Porto,1106211334
190,Maridel,Rolf,Kuwait,Mwanza,1075076929
191,Mellicent,Iaverne,Grenada,Budapest,1015318646
192,Molli,Cavan,Chile,Colombo,1004226894
193,Desirae,Faria,Iceland,Ilhéus,1027892502
194,Mady,Iaverne,Finland,Banjul,1041082863
195,Lorenza,Rourke,Estonia,Addis Ababa,1049307738
196,Paule,Cleavland,Gambia,Wuhan,1030757941
197,Lanna,Arathorn,French Guiana,Porto-Novo,1029233036
198,Maridel,Wattenberg,Namibia,Chittagong,1024101841
199,Kristan,Garrison,Viet Nam,Yamoussoukro,1025786804
200,Rivalee,Thar,Guyana,Malmö,1096078764
201,Mahalia,Hartnett,Marshall Islands,Philadelphia,1066586059
202,Ardenia,Lia,Oman,Montevideo,1073016686
203,Suzette,Seagraves,Bosnia and Herzegovina,Nantes,1058685949
204,Mariann,Wattenberg,Colombia,Whitehorse,1019576537
205,Vita,Rodmann,Somalia,Phoenix,1022461831
206,Robinia,Fulmer,Moldova,Vladivostok,1095400301
207,Jsandye,Timon,French Guiana,Dongguan,1014456625
208,Alleen,Hewitt,Australia,Belém,1042494140
209,Teriann,Skell,Germany,Udon Thani,1058807444
210,Jobi,Seumas,Uganda,Chongjin,1086892021
211,Basia,Ardeha,Croatia,Hanga Roa,1110462106
212,Keelia,Orlene,Mauritania,Geneva,1109964808
213,Carol-Jean,Therine,Gambia,Turin,1066316547
214,Bernardine,Vilma,Eritrea,Houston,1063657148
215,Arlina,Tomasina,Czech Republic,Melbourne,1089651997
216,Peri,Gahl,Central African Republic,Chongqing,1022930206
217,Lita,Bertold,Svalbard and Jan Mayen,Chennai,1080556376
218,Claresta,Terrence,Guinea-Bissau,Hai Phong,1054059937
219,Sara-Ann,Kendrick,Antigua and Barbuda,Davao City,1050106706
220,Damaris,Jerold,Saudi Arabia,Buenos Aires,1037816850
221,Antonietta,Havens,South Africa,Saskatoon,1026463175
222,Judy,Lacombe,AndorrA,Kingston,1018089493
223,Siana,Pearse,Portugal,Rio Branco,1057431990
224,Rozele,MacIntosh,Kuwait,Port Louis,1001989919
225,Meg,Loleta,Bulgaria,Chongqing,1010313372
226,Winny,Toor,Zambia,Luxembourg,1032468971
227,Kylynn,Donell,French Southern Territories,Tabriz,1026786750
228,Juliane,Kannry,Tuvalu,Osaka,1067895474
229,Ira,Hachmin,Saint Lucia,Durango,1006702261
230,Netty,Taima,Iran,Invercargill,1084788140
231,Dode,Arvo,Lebanon,Gaza,1018501946
232,Kassey,Morgun,Brazil,Arbil,1028780004
233,Elsie,Harday,Faroe Islands,City of San Marino,1055872708
234,Lelah,Alrich,Bouvet Island,Regina,1083401068
235,Jsandye,Huggins,Cocos Islands,Bridgetown,1060192247
236,Ernesta,Berard,Hungary,Koulikoro,1038662294
237,Odessa,Koziara,Italy,Vienna,1060121665
238,Roberta,Hashim,Netherlands,Juneau,1020558245
239,Kial,Fadiman,Bahrain,Malé,1042472608
240,Orelia,Giule,Senegal,Honolulu,1038767212
241,Tabbatha,Anton,Ethiopia,Cairo,1038968968
242,Florencia,Arvo,Turks and Caicos Islands,Ouagadougou,1089342878
243,Mariele,Beniamino,Cocos Islands,Abidjan,1064520371
244,Albertina,Estella,Luxembourg,Campo Grande,1005500219
245,Nadine,Wolfgram,Solomon Islands,Kinshasa,1010936309
246,Aili,Westphal,Yemen,Johannesburg,1105405086
247,Joceline,Fadiman,Macao,Lusaka,1059319317
248,Norine,Jacobah,Korea,Angra do Heroísmo,1059058707
249,Anica,Madelene,United States,Stuttgart,1062876344
250,Cacilie,Burnside,Spain,Timbuktu,1094684632
251,Sallie,Meter,Lithuania,Andorra la Vella,1089398883
252,Celestyna,Leffen,Myanmar,Mashhad,1051675469
253,Lelah,Rustice,RWANDA,Valencia,1059150038
254,Leia,Yuille,Vatican,Gold Coast,1051784991
255,Susan,Kussell,Saudi Arabia,Havana,1050495858
256,Angela,Colleen,Sri Lanka,Hangzhou,1064181825
257,Deedee,Maroney,Samoa,Puebla,1079247996
258,Belinda,Bury,Nigeria,Weno,1078982101
259,Micheline,Even,Iran,Porto Alegre,1022089074
260,Lily,Wittie,Ukraine,Riga,1051287225
261,Arlena,Percy,Bahamas,Nagpur,1044134800
262,Alexine,Richers,Iraq,Seattle,1043905934
263,Jany,Hurley,Mexico,Pristina,1011910994
264,Ayn,Nunci,British Indian Ocean Territory,Tabriz,1096099593
265,Kial,Cloris,Norfolk Island,Cebu City,1004008709
266,Zsa Zsa,Thad,Wallis and Futuna,Saskatoon,1001064485
267,Kial,Persse,Viet Nam,Fukuoka,1109906605
268,Fayre,Edmund,Malta,Calgary,1095264320
269,Orelia,Kellby,Burkina Faso,Maseru,1103667100
270,Sybille,Cecile,Albania,Petropavlovsk,1034074858
271,Leontine,Chesna,Netherlands Antilles,Nicosia,1084348889
272,Selia,Moseley,Ukraine,Balikpapan,1002915622
273,Annora,Chaing,Czech Republic,Okinawa,1100639569
274,Dyann,Helve,Vanuatu,Luxembourg,1045453593
275,Therine,Kelula,Guinea-Bissau,Surat,1006567448
276,Ellette,Crudden,Belgium,Muscat,1066784184
277,Tierney,Annice,Norfolk Island,Dushanbe,1086360796
278,Lucille,Roarke,Dominican Republic,Kiev,1049806790
279,Bertine,Garrison,Turkey,Graz,1038281411
280,Kristan,Durante,French Southern Territories,Juneau,1057859153
281,Florie,Winnick,Kazakhstan,Castries,1105926668
282,Ninnetta,Skell,Liberia,Buenos Aires,1036464147
283,Babita,Darian,Trinidad and Tobago,Accra,1007164155
284,Gaylene,Bebe,Turkey,Bratsk,1093575775
285,Cyb,Hanleigh,Northern Mariana Islands,Sydney,1048443637
286,Kathy,Creamer,Vanuatu,Ciudad del Este,1044498065
287,Lusa,Daniele,Chile,San José,1031077457
288,Zsa Zsa,Raychel,Kazakhstan,Bandar Seri Begawan,1032798395
289,Ronna,Shaver,Brazil,Mecca,1008531486
290,Sharai,Boycey,Tonga,Enugu,1097879891
291,Fredericka,Corrine,Hong Kong,Kigali,1085364767
292,Berget,Halla,Portugal,Manama,1012889309
293,Norine,Carmena,Saint Helena,Bishkek,1039769930
294,Jaclyn,Jerald,Singapore,Reykjavík,1047034964
295,Gabriellia,Brittani,Micronesia,Casablanca,1055008790
296,Shandie,Jobi,Heard Island and Mcdonald Islands,Melbourne,1080746319
297,Dale,Zaslow,Peru,Hyderabad,1019201679
298,Lory,Tengdin,Portugal,São Tomé,1086392072
299,Patricia,Arne,Gabon,Banda Aceh,1065411017
300,Ernesta,Madox,Turks and Caicos Islands,Jersey City,1081502456
301,Sallie,Clie,Mozambique,Makati City,1046874815
302,Georgina,Iiette,Ecuador,Hyderabad,1018682026
303,Candy,Sallyann,San Marino,Kabul,1045768711
304,Marika,Velick,Bermuda,Port Hedland,1083811018
305,Hollie,Ellord,Papua New Guinea,Cleveland,1108072219
306,Helsa,Eben,Guernsey,Sacramento,1102167615
307,Di,Libna,Equatorial Guinea,Port Moresby,1041962329
308,Phedra,Gladstone,Grenada,Zhengzhou,1101643011
309,Philis,Taam,Brunei Darussalam,Seattle,1072518858
310,Deloria,Edee,Egypt,Charlotte,1041012923
311,Frieda,Joachim,Libyan Arab Jamahiriya,Udon Thani,1102330443
312,Joy,Orpah,Equatorial Guinea,Barranquilla,1054540807
313,Lisette,Jalbert,Tanzania,Bogota,1028002547
314,Jordan,Granoff,Colombia,Alor Star,1107861415
315,Aubrie,Graig,Liberia,Porto Alegre,1053601844
316,Lucille,Baylor,Georgia,Odessa,1074586464
317,Lanna,Whiffen,Finland,Basse-Terre,1022228416
318,Roxane,Taima,Bulgaria,Samara,1027303954
319,Candi,Ovid,Uruguay,Istanbul,1054306997
320,Lilith,Kiersten,Kuwait,Koror,1071395709
321,Hannis,Reidar,Antarctica,Montevideo,1083203177
322,Keelia,Valerio,Romania,Colombo,1016943285
323,Rani,Chobot,Canada,Hargeisa,1015338058
324,Mary,Vharat,Mexico,Koror,1076192097
325,Lonnie,Stephie,Antarctica,Kanpur,1094973994
326,Tami,Geffner,Paraguay,Stepanakert,1050274005
327,Stacey,Delila,Egypt,Kinshasa,1049755629
328,Jessy,Ophelia,Botswana,Enugu,1054847876
329,Karina,Modie,Paraguay,Cairo,1056417222
330,Johna,Klemperer,Guyana,Jamestown,1082419945
331,Mallory,Astra,Tuvalu,Bujumbura,1007166391
332,Kathi,Prober,Kazakhstan,Greenwich,1087239012
333,Celene,Boycey,Bosnia and Herzegovina,São Paulo,1005130525
334,Aili,Fancie,Equatorial Guinea,Birmingham,1091811044
335,Genevra,Ader,Cuba,Columbus,1058509530
336,Carol-Jean,Jacinda,Mozambique,Yokohama,1082575108
337,Sybille,Trey,Brunei Darussalam,Kigali,1053060357
338,Lexine,Riordan,Seychelles,Atlanta,1100126626
339,Violet,Wareing,Solomon Islands,Koror,1083064113
340,Stevana,Concha,New Zealand,Guadalajara,1008190999
341,Florencia,Gert,Liberia,Adana,1068254359
342,Lulita,Glenden,Austria,Punta Arenas,1007898545
343,Keelia,Alarise,Poland,Bern,1043950063
344,Aimil,Bohlin,Norway,San Antonio,1086011522
345,Sissy,Fennessy,Philippines,Charlotte Amalie,1025379150
346,Marsiella,Maxi,Nicaragua,Mogadishu,1081454522
347,Kathy,Lesley,Ukraine,Brazzaville,1077357294
348,Nessie,Nicoline,Montserrat,Aarhus,1090733331
349,Aigneis,Firmin,American Samoa,Thimphu,1100980246
350,Beth,Konyn,Belize,Riyadh,1066140639
351,Mamie,McLaughlin,Sao Tome and Principe,Amritsar,1085614252
352,Rozele,Arathorn,Bolivia,Rawalpindi,1072820201
353,Jemie,Bennie,Åland Islands,Serekunda,1029399911
354,Nickie,Chandler,Equatorial Guinea,Mashhad,1082658891
355,Ingrid,Loeb,Vanuatu,Pyongyang,1082131830
356,Micheline,Reneta,Indonesia,Guatemala City,1105756501
357,Lindie,Smitt,Austria,Gold Coast,1020751261
358,Arabel,Martguerita,Russian Federation,Fairbanks,1010517764
359,Tori,Bebe,Dominican Republic,Calama,1102952024
360,Valli,Tayib,Zambia,Leeds,1082621191
361,Ruthe,Lauraine,Syrian Arab Republic,Tegucigalpa,1054824865
362,Marika,Abram,Gambia,Punta Arenas,1048838642
363,Elena,Greyson,Azerbaijan,Santo Domingo,1043864784
364,Lynea,Terrence,Sierra Leone,Santo Domingo,1105467280
365,Ana,Danby,Ghana,Rio Branco,1000320983
366,Stacey,Brandice,Wallis and Futuna,Hyderabad,1033111838
367,Orelia,Cullin,Senegal,Gibraltar,1004299184
368,Kelly,Junie,Mozambique,Cork (city),1001027364
369,Wilma,Even,Wallis and Futuna,Jersey City,1095604922
370,Aubrie,Faust,Kuwait,Hong Kong,1096256910
371,Jere,Linehan,Turks and Caicos Islands,Longyearbyen,1070827367
372,Lanna,Lilas,Northern Mariana Islands,Jeddah,1029197725
373,Kaja,Pelagias,Dominica,Oslo,1027041109
374,Marita,Audly,Turkmenistan,Bamako,1087359725
375,Bibby,Hull,Cayman Islands,Rochester,1006144828
376,Aimil,Cloris,Guinea-Bissau,Iquitos,1001651012
377,Darci,Gunn,Turkmenistan,Dibrugarh,1017362905
378,Claudina,Shuler,Viet Nam,Adak,1004536283
379,Nonnah,Jacqui,Philippines,Chuí,1029986365
380,Claudina,Sigfrid,Croatia,Hanoi,1082634094
381,Amalie,Niles,Sudan,Incheon,1014312017
382,Ermengarde,Sperling,Jersey,Daegu,1090168071
383,Beverley,Allina,Tonga,Toronto,1087965740
384,Lita,Sekofski,Congo,Antwerp,1035620328
385,Clary,Jeanne,Morocco,Ankara,1048799281
386,Shauna,Dyche,Kyrgyzstan,Port Vila,1094139832
387,Kate,Joachim,Timor-Leste,São José dos Campos,1014221855
388,Allyce,Papageno,Macao,Bogotá,1042779390
389,Heida,Johanna,Belarus,Nakhon Ratchasima,1038778410
390,Allyce,Papageno,Benin,Malang,1055483429
391,Nollie,LaRue,Algeria,Mexicali,1042550529
392,Nickie,Remmer,Tajikistan,Porto,1079232310
393,Sibella,Lewes,Bouvet Island,El Aaiún,1058203257
394,Mureil,Eckblad,Norway,Basra,1055236475
395,Carly,Marlie,Guadeloupe,Longyearbyen,1087304471
396,Gabi,Mallon,Mauritius,Cusco,1048921383
397,Alyssa,Girardo,United States,Kharkiv,1079847722
398,Juliane,Clie,Bouvet Island,Gothenburg,1077895810
399,Dorice,Kermit,Singapore,Yogyakarta (city),1065304817
400,Teriann,Sasnett,Åland Islands,Alofi,1078300935
401,Ada,Oneida,Belize,Port of Spain,1006090640
402,Yvonne,Devlen,Korea,Porto Alegre,1104219407
403,Joy,Cecile,Cameroon,Kraków,1054569816
404,Angelique,Reidar,Panama,Asmara,1107394759
405,Halette,Soneson,Monaco,Osaka,1028417243
406,Edee,Craggie,Honduras,Santiago de Cuba,1014468824
407,Roz,Thornburg,Kiribati,Angra do Heroísmo,1055100823
408,Dawn,Harday,Thailand,Gaborone,1036753188
409,Kathi,Donell,Guatemala,Vitória,1039826290
410,Veda,Howlyn,Saudi Arabia,Geelong,1062338134
411,Ivett,Jerold,Svalbard and Jan Mayen,Tartu,1008230139
412,Babita,Stanwood,Canada,Guayaquil,1029110819
413,Lita,Lacombe,Switzerland,Frankfurt,1091883399
414,Lorie,Carlson,Benin,Jinan,1074319911
415,Gavrielle,Yerkovich,Senegal,Zagreb,1097232743
416,Maridel,Kirbee,Burundi,Port Blair,1006437256
417,Lauryn,Land,Paraguay,Nizhny Novgorod,1020658578
418,Mady,Roarke,Senegal,Rome,1042023615
419,Paola,Maiah,French Guiana,Omsk,1077971569
420,Letizia,Henebry,French Polynesia,Saint John,1089704006
421,Ardeen,Creamer,Kyrgyzstan,George Town,1004296904
422,Phedra,Georgy,Malawi,Casablanca,1063106196
423,Audrie,Vins,Burundi,Tucson,1019611133
424,Odessa,Halsey,Nigeria,Jinan,1010242772
425,Deedee,Cottle,Equatorial Guinea,Paris,1050236800
426,Bernardine,Niles,Iraq,Ibiza,1081617469
427,Joy,Gladstone,American Samoa,Nukus,1016808254
428,Danny,Fredi,San Marino,Brussels,1103730883
429,Claudina,Erlandson,Uzbekistan,Jamestown,1087026005
430,Leontine,Garrison,Sierra Leone,Maceió,1109703202
431,Noelle,Deny,Solomon Islands,Rio Branco,1069377758
432,Tressa,Korey,Spine,Madrid,1045775741
433,Maud,Boehike,Uzbekistan,Cuiabá,1054412705
434,Shaine,Brotherson,Argentina,Saipan,1105832578
435,Monika,Sallyann,Tajikistan,Xi'an,1085146266
436,Kerrin,Mott,Romania,Nanning,1105766422
437,Wynne,Bergman,Peru,St. John's,1017301912
438,Annaliese,Rhu,Ireland,Montreal,1023805584
439,Caressa,Santoro,Australia,Amritsar,1001128072
440,Talya,Chapland,Armenia,Alor Star,1092110622
441,Ellette,Kamaria,Turkmenistan,Tbilisi,1102794813
442,Mariann,Baylor,Oman,Yakutsk,1093185844
443,Dania,Tayib,Guatemala,Pittsburgh,1091219445
444,Fanny,Wiener,Austria,Pune,1038360025
445,Frank,Kat,Brunei Darussalam,Jakarta,1015429639
446,Janis,Schwejda,Portugal,Saint-Pierre,1067512593
447,Kelly,Viddah,Gabon,Zürich,1021196564
448,Dolli,Idelia,Poland,Willemstad,1035278110
449,Corly,Izaak,Gambia,Serekunda,1041045629
450,Heddie,Friede,British Indian Ocean Territory,Da Nang,1031679334
451,Marleah,Keily,Denmark,San José,1029102118
452,Christy,Means,Kyrgyzstan,Tianjin,1018952165
453,Florie,Brodench,Netherlands Antilles,Brussels,1040743770
454,Elora,Cutlerr,Mauritania,Mendoza,1094414372
455,Cassondra,Gavrila,Comoros,Livingstone,1035526542
456,Gwyneth,Harriman,Somalia,Nakhon Ratchasima,1033534634
457,Gianina,Longfellow,Nepal,Mogadishu,1029555989
458,Nananne,Stanwood,Ukraine,Assis,1104659363
459,Sara-Ann,Duwalt,Bosnia and Herzegovina,Phoenix,1068792575
460,Charissa,Bouchard,Brazil,Vatican City,1007031305
461,Jenilee,Belldas,Finland,Vitória,1091938124
462,Perry,Septima,Bouvet Island,London,1019976912
463,Liana,Jarib,Malawi,Frankfurt,1103662212
464,Lanna,Margret,Nauru,Baltimore,1014771403
465,Lindie,Elvyn,Heard Island and Mcdonald Islands,Monterrey,1105471789
466,Marguerite,Tatianas,Australia,Detroit,1032706013
467,Hyacinthe,Middleton,Norway,Mendoza,1073460078
468,Malina,Colp,Cayman Islands,Oranjestad,1019250116
469,Debee,Anastatius,Bosnia and Herzegovina,Port Vila,1016611665
470,Dale,Lory,Saudi Arabia,Cockburn Town,1050163382
471,Linet,Diogenes,Cyprus,Muscat,1006415190
472,Joleen,Gombach,Serbia and Montenegro,Phnom Penh,1020367878
473,Genevra,Constancy,French Polynesia,Anadyr (town),1006964824
474,Marita,Sallyann,Aruba,Cockburn Town,1044800391
475,Susette,Shirberg,Liechtenstein,Arequipa,1061123902
476,Di,Zenas,Morocco,Denpasar,1045618669
477,Ellette,Maiah,Jamaica,Almaty,1043263007
478,Luci,Hedve,United States Minor Outlying Islands,Medan,1042133902
479,Ariela,Selway,Mexico,Malang,1026726635
480,Millie,Ogren,Vanuatu,Labasa,1010391050
481,Ivett,Lauraine,Niue,Oklahoma City,1057536154
482,Dode,Darian,Israel,Dushanbe,1100886758
483,Tori,Raffo,Mauritius,Dibrugarh,1089890121
484,Ellette,Thornburg,Wallis and Futuna,Baltimore,1102685096
485,Nessie,Herrera,Aruba,Okinawa,1032877651
486,Charmaine,Forrer,Bolivia,San Salvador,1057390339
487,Laurene,Even,Tokelau,Bridgetown,1033338779
488,Heddie,Crudden,Saint Vincent and the Grenadines,Hilo,1062700434
489,Shaine,Helfand,Azerbaijan,Havana,1080054848
490,Pierette,Zina,Tunisia,Labasa,1039570309
491,Cissiee,Yorick,Congo,Qingdao,1017309796
492,Sallie,Astra,Israel,Johannesburg,1054346979
493,Lelah,Flyn,Gabon,Sabha,1069109370
494,Elena,Warthman,Argentina,Pune,1101694852
495,Raf,Leler,Gibraltar,Kathmandu,1110441857
496,Jan,Guildroy,Brazil,Veracruz,1034973189
497,Florie,Kenney,New Zealand,Montreal,1077709982
498,Collen,Aldric,Malaysia,Austin,1108519863
499,Sissy,Nedrud,Croatia,Kathmandu,1028797597
500,Cordi,Connelly,Belize,Charlottetown,1024825945
501,Tonia,Ioab,Netherlands Antilles,Cairo,1009771098
502,Carree,Creamer,Christmas Island,Mexicali,1061463683
503,Josephine,Bartlett,Aruba,New York City,1042736378
504,Stevana,Amadas,Guinea,Dakar,1081391541
505,Blondelle,Darian,Guinea,Tamale,1030927476
506,Konstance,Parette,Cape Verde,Canberra,1035369761
507,Almeta,Ambrosia,Qatar,Shenyang,1005552972
508,Camile,Tayib,Romania,Dongguan,1047773706
509,Coral,Shirberg,Bulgaria,Havana,1100885627
510,Layla,Cordi,Nauru,Hanover,1017849046
511,Viki,Havens,Cayman Islands,Fairbanks,1034669576
512,Kial,Joni,Northern Mariana Islands,Kota Bharu,1081034461
513,Goldie,Ehrman,Bulgaria,Ljubljana,1038805591
514,Shaylyn,Niccolo,Vanuatu,Taichung,1081684821
515,Veda,Old,Liechtenstein,Riyadh,1042654758
516,Lynde,Fry,American Samoa,Port Said,1044929860
517,Claresta,Krystle,Ireland,Cologne,1047305496
518,Evita,Ciro,Bermuda,St. John's,1017838823
519,Angelique,Garrison,Cameroon,Novosibirsk,1048773910
520,Evita,Andrel,Suriname,Ushuaia,1059046816
521,Gavrielle,Gemini,Swaziland,Boston,1075998562
522,Jean,Fredi,Belgium,Lubumbashi,1042186565
523,Libbie,Hathaway,Lithuania,Belém,1026549431
524,Lily,Adalbert,Mozambique,Copenhagen,1049681816
525,Aryn,Tryck,South Africa,Rochester,1085869202
526,Siana,Freddi,Pitcairn,Havana,1051206798
527,Susan,Marlie,French Guiana,Port Hedland,1107576680
528,Wanda,Leary,Tunisia,Andorra la Vella,1015458798
529,Alia,Rheingold,Barbados,Reykjavík,1032181092
530,Evita,Abbot,Moldova,Manila,1056732546
531,Vivia,Barney,Mexico,City of Halifax,1104461425
532,Betta,Riordan,Heard Island,Dubai,1010001512
533,Winny,Radu,Tokelau,Thimphu,1044517347
534,Lilith,Mozelle,Samoa,Yaoundé,1089749420
535,Rori,Thilda,France,Yaren District,1063009912
536,Katharina,Calhoun,Cocos Islands,Baghdad,1021922304
537,Nelle,Rheingold,Viet Nam,Port Vila,1067590681
538,Hyacinthe,Creamer,Kenya,Pekanbaru,1067288138
539,Mureil,Bahr,Greece,Tripoli,1050962174
540,Roxane,Anderea,Iran,The Hague,1002410811
541,Nickie,Ball,Marshall Islands,Istanbul,1042859546
542,Corene,Korey,Norfolk Island,Incheon,1055789867
543,Lily,Thar,Singapore,Phoenix,1017207369
544,Marita,Graig,Fiji,Mandurah,1036184414
545,Lulita,Aprile,Guyana,Colombo,1018187786
546,Keelia,Serilda,Tanzania,Sukhumi,1036754146
547,Olwen,Solitta,Qatar,Nizhny Novgorod,1083197712
548,Ellette,Engdahl,Bangladesh,Aberdeen,1066771651
549,Melanie,Jerald,Costa Rica,Helsinki,1016447165
550,Mignon,Lamoree,Saudi Arabia,Vienna,1100010969
551,Farrah,Wareing,Georgia,Salzburg,1001282787
552,Fredericka,Vittoria,British,Jakarta,1022821657
553,Neila,Brandice,Timor-Leste,Ljubljana,1046530696
554,Frank,Dominy,Canada,Srinagar,1001661704
555,Modestia,Cullin,Dominican Republic,Tallinn,1043262724
556,Stevana,Maroney,Heard Island and Mcdonald Islands,Dongguan,1047867149
557,Lelah,Redmond,Tanzania,Bulawayo,1073702955
558,Ira,Kat,Slovenia,Hagåtña,1022215488
559,Courtnay,Elo,Suriname,Manaus,1023329282
560,Zia,Ranjiv,Anguilla,Hilo,1073826639
561,Nadine,Ciro,Madagascar,Vilnius,1003557059
562,Alyssa,Gaspard,Vanuatu,Darwin,1088716770
563,Florencia,Ardeha,Estonia,Cincinnati,1003086174
564,Julieta,Miru,Cuba,Maseru,1065010152
565,Dale,Cloris,Italy,Magadan,1097195324
566,Aryn,Jary,Colombia,Barranquilla,1092093914
567,Anthia,Crudden,Svalbard and Jan Mayen,Roseau,1011582930
568,Kellen,Lareena,Greece,Fukuoka,1010177712
569,Pierette,O'Carroll,Åland Islands,Banjul,1066157722
570,Gabi,Haerr,Colombia,Chittagong,1056997153
571,Thalia,Riordan,Heard Island,Lucknow,1017517936
572,Elvira,Aida,Macedonia,Edinburgh,1001974753
573,Harmonia,Gert,India,Townsville,1034459601
574,Nataline,Jary,Burkina Faso,Caracas,1016631460
575,Silvana,Sammons,Liberia,Luanda,1063885840
576,Codie,Lamoree,Timor-Leste,Santa Cruz de Tenerife,1051575047
577,Sharlene,Ackerley,Qatar,Nairobi,1034225945
578,Kerrin,Wareing,Reunion,Asunción,1008212097
579,Belinda,Lucienne,Iceland,Linz,1061410275
580,Tierney,Roxanna,New Caledonia,Sukhumi,1031201924
581,Ginnie,Gunn,Brunei Darussalam,Pago Pago,1051650197
582,Petronia,Quinn,Western Sahara,Sukhumi,1089231194
583,Clo,Roxanna,San Marino,Kota Bharu,1108534183
584,Joy,Philipp,Equatorial Guinea,Madrid,1060266211
585,Celisse,Bergman,Thailand,Denpasar,1049635891
586,Rori,Sheedy,Belgium,Kinshasa,1049427563
587,Tina,Lanita,Czech Republic,Addis Ababa,1020228604
588,Nessie,Tannie,Papua New Guinea,The Hague,1018168645
589,Latisha,Reneta,Zimbabwe,Addis Ababa,1044357949
590,Merci,Han,Tunisia,Los Angeles,1025261307
591,Nannie,Latini,Fiji,Johor Bahru,1084703130
592,Jaime,Fabiola,Croatia,Tartu,1074853591
593,Linet,Torray,Macao,Fairbanks,1051560017
594,Mallory,Raffo,Serbia and Montenegro,Gibraltar,1033387724
595,Kristina,Laurianne,Macedonia,Quezon City,1099262987
596,Constance,Chabot,Palau,Sri Jayawardenapura-Kotte,1091965867
597,Carlie,Dash,Mauritius,Kiev,1033128277
598,Nessie,Percy,Bermuda,Brikama,1051502839
599,Olivette,Fiann,Saint Pierre and Miquelon,Nouakchott,1060462395
600,Emma,Letsou,Ghana,Hangzhou,1085794387
601,Sue,Cullin,Uruguay,Nukus,1041229250
602,Ericka,Leonard,Reunion,Curitiba,1073172626
603,Daune,Pauly,United States,Munich,1061850323
604,Rosene,Burkle,Turkmenistan,San José,1105676823
605,Jeanna,Nicoline,Sudan,Taichung,1097541066
606,Modestia,Khorma,Tuvalu,Stanley,1052658314
607,Zia,Freddi,Guinea,Vilnius,1016001569
608,Nariko,Truc,Papua New Guinea,Tunis,1037897554
609,Jennica,Garbe,Åland Islands,Koror,1029216762
610,Ninnetta,Loeb,Ukraine,Mata-Utu,1032080072
611,Blondelle,Kress,Guernsey,Saskatoon,1029235589
612,Aurelie,Tarrant,Turks and Caicos Islands,Birmingham,1048516403
613,Lexine,Kimmie,Thailand,Darwin,1079409249
614,Allyce,Dawkins,Sweden,São José dos Campos,1000330729
615,Yvonne,Hutchison,Kiribati,Malé,1056841015
616,Marcelline,Rebecka,Belize,La Paz,1032081583
617,Belva,Kiyoshi,Yemen,Oslo,1044315496
618,Janeczka,Lattie,Syrian Arab Republic,Sofia,1084038103
619,Georgetta,Malina,India,Ipoh,1092550092
620,Lilith,Emmaline,Iceland,Forked River,1056618025
621,Madalyn,Wesle,Paraguay,Basse-Terre,1000867996
622,Janis,Ricki,New Zealand,N'Djamena,1028283325
623,Caressa,Holtz,Gabon,Livingstone,1025806944
624,Nadine,Alejoa,Solomon Islands,Magadan,1046053016
625,Farrah,Joeann,Sweden,Santa Cruz de la Sierra,1040989179
626,Julieta,Macey,Hong Kong,Vienna,1048239754
627,Sissy,Dearborn,Austria,Nashville,1017623639
628,Frieda,Macey,Swaziland,Hagåtña,1055823836
629,Barbara,Tiffa,Guernsey,Nanjing,1091269244
630,Janeczka,Ephrem,Puerto Rico,Kawasaki,1090944511
631,Neila,Zetta,Ghana,Hong Kong,1007733484
632,Sara-Ann,Skurnik,Honduras,New Orleans,1072689848
633,Nannie,Francene,Pitcairn,Lobamba,1021038598
634,Gui,Constancy,Bouvet Island,Koror,1100385321
635,Binny,Ramona,Georgia,Udon Thani,1078332521
636,Kellen,Durware,Latvia,Abuja,1034100139
637,Robbi,Grosz,Equatorial Guinea,Ambon,1062559697
638,Ebonee,Dyche,Cape Verde,Lomé,1082417578
639,Pollyanna,Tomasina,Marshall Islands,Honiara,1064148293
640,Adriana,Natica,Saint Vincent and the Grenadines,San Francisco,1067888122
641,Cordi,Trinetta,Fiji,Paris,1081578177
642,Kirbee,Colyer,Philippines,Cusco,1023315266
643,Caressa,Ovid,Pakistan,The Valley,1045790221
644,Priscilla,Aloise,Papua New Guinea,Chongjin,1104047596
645,Jany,Infield,Suriname,Rome,1073547065
646,Robbi,Primalia,Paraguay,Puerto Williams,1043253499
647,Leona,Mata,Japan,Leeds,1046210677
648,Myrtice,Thad,Finland,Munich,1088885028
649,Shel,Jary,Korea,Kathmandu,1073247001
650,Ebonee,Truc,Suriname,Stockholm,1018850360
651,Janis,Cressida,Greenland,City of Halifax,1088689704
652,Yvonne,Carbo,Swaziland,Paris,1050517699
653,Rhea,Prouty,Zambia,Mendoza,1072591265
654,Dorthy,Beebe,Bouvet Island,Shigatse,1073113256
655,Tiffie,Radu,France,Lhasa,1037291495
656,Frances,Cecile,Monaco,Port Louis,1092388494
657,Hyacinthe,Naor,Malawi,Shillong,1088030681
658,Tonia,Lissi,Gibraltar,La Serena,1065002334
659,Luci,Bakerman,Liberia,Ouagadougou,1009556979
660,Corry,Sabella,Myanmar,Belmopan,1030369424
661,Fernande,Lubin,Georgia,Khartoum,1093932986
662,Fayre,Raseda,Poland,Geneva,1087608617
663,Annabela,Ambrosia,Gabon,Rio Branco,1056591444
664,Kaia,Weaks,New Caledonia,Doha,1058432495
665,Olwen,Maisey,Burundi,Tartu,1090693997
666,Hayley,Gaynor,Serbia and Montenegro,Rio Branco,1104635133
667,Joy,Fiann,Iceland,Cotonou,1032527360
668,Melina,Caitlin,Albania,Yaren District,1041164048
669,Lilith,Schwejda,Vanuatu,Mamoudzou,1011363605
670,Natka,McNully,Mexico,Salzburg,1027937302
671,Silvana,Gabrielli,Saint Lucia,Makassar,1027298293
672,Fred,Garrison,Palestinian,Glasgow,1102010939
673,Ezmeralda,Winnick,Iraq,Riga,1017100482
674,Cathyleen,Koziara,U.S,Castries,1061689155
675,Camile,Dannye,United Kingdom,Kota Bharu,1018117061
676,Ninnetta,Telfer,Chad,Xi'an,1106722886
677,Korrie,Berl,Pakistan,Iloilo City,1056789146
678,Jsandye,Bettine,Monaco,Yogyakarta (city),1019938499
679,Lanae,Noelyn,Gambia,Incheon,1083784173
680,Tera,Vanni,Viet Nam,Mata-Utu,1008352439
681,Augustine,Decato,Guadeloupe,Quito,1046227575
682,Ruthe,Sinegold,Pitcairn,Dibrugarh,1006994023
683,Rosanne,Pernick,Marshall Islands,Linz,1064534484
684,Shaine,Craggie,Italy,Baltimore,1051199066
685,Eugine,Ogren,United Arab Emirates,Belgrade,1040274882
686,Henriette,Darbie,Chile,Dar es Salaam,1078154675
687,Kathi,O'Neill,Sri Lanka,Philadelphia,1025305957
688,Phylis,Linehan,Micronesia,Beirut,1018481694
689,Doralynne,Dahlia,Palau,Birmingham,1089820586
690,Eugine,Philoo,Spain,Mecca,1101717001
691,Carilyn,Waite,Uzbekistan,Paris,1063919149
692,Adele,Harriman,Norway,Tskhinvali,1094940311
693,Zia,Johnsson,Chad,Berlin,1027532292
694,Eolanda,Ioab,Thailand,Salt Lake City,1041780160
695,Daune,Karylin,Bulgaria,Miri,1008418533
696,Chastity,Brady,Jamaica,Nouakchott,1016215604
697,Clo,Agle,British Indian Ocean Territory,Warsaw,1055172617
698,Sallie,Nickola,Suriname,Bulawayo,1037486500
699,Winny,Tamsky,Svalbard and Jan Mayen,Casablanca,1101829323
700,Alisha,Sundin,Netherlands Antilles,Jersey City,1052442219
701,Ekaterina,Hillel,Pitcairn,St. George's,1073002086
702,Helsa,Adamsen,Bhutan,Siem Reap,1080531929
703,Alleen,Dosia,Nauru,Yerevan,1021491965
704,Cacilie,Elbertina,Svalbard and Jan Mayen,Skopje,1000795347
705,Kathy,Burkle,Svalbard and Jan Mayen,Chongjin,1070709462
706,Kayla,Alva,Aruba,Jamestown,1056423899
707,Kathy,Tippets,Tuvalu,Amman,1037716073
708,Eolanda,Merat,Eritrea,Bandar Seri Begawan,1049752592
709,Alleen,Percy,Nigeria,Nakhon Ratchasima,1024175235
710,Stacey,Rooney,Ghana,Singapore,1041905741
711,Amii,Melleta,Grenada,Juneau,1072116692
712,Ursulina,Concha,French Southern Territories,Shigatse,1039552062
713,Dawn,Hamil,Denmark,Campo Grande,1060940074
714,Briney,Fabiola,Kuwait,Adak,1001085579
715,Gabi,Sibyls,Swaziland,Milwaukee,1054971863
716,Robinia,Buttaro,Grenada,Blantyre,1016969825
717,Stevana,Nikaniki,Greece,Kingston,1053826839
718,Vere,Wooster,Slovakia,Addis Ababa,1093026578
719,Blinni,Lay,Guinea,Port Vila,1077947220
720,Lorne,Obed,Papua New Guinea,Zagreb,1076490937
721,Christy,Valoniah,Malaysia,Pago Pago,1097080115
722,Emilia,Johanna,Micronesia,Saipan,1080835778
723,Vere,Garbe,Montserrat,Salzburg,1026183642
724,Cassandra,Magdalen,Luxembourg,Zagreb,1077075008
725,Molli,Randene,Central African Republic,Melbourne,1016536127
726,Kittie,Sacken,Peru,Suez,1030062748
727,Sheree,Greenwald,Yemen,Boston,1100112507
728,Janey,Paine,Somalia,Freetown,1041857533
729,Kathy,Magnolia,Azerbaijan,Phoenix,1019221149
730,Jolyn,Dowski,Bouvet Island,Colombo,1029426892
731,Taffy,Sundin,Sudan,Bulawayo,1024134919
732,Mahalia,Wind,Dominican Republic,Port Moresby,1059098762
733,Vinita,Viddah,Ghana,Shenyang,1044139476
734,Leontine,Raul,Qatar,Petropavlovsk-Kamchatsky,1063365033
735,Pollyanna,Clara,Anguilla,Nouakchott,1009318236
736,Kirstin,Lasley,Malta,Córdoba,1013684771
737,Peri,Faria,Sudan,Alor Star,1095255308
738,Ginnie,Marcellus,Madagascar,Kraków,1026998543
739,Judy,Milson,Cote,Fredericton,1056762278
740,Antonietta,Byrne,Niue,Mwanza,1034065940
741,Therine,Reneta,Syrian Arab Republic,Kandahar,1005175397
742,Fanny,Nore,Honduras,Tirana,1035975168
743,Amalie,Tippets,Isle of Man,Guadalajara,1075154593
744,Britte,Weaks,Saint Lucia,Peshawar,1071759856
745,Georgetta,Rodmann,Equatorial Guinea,Lanzhou,1019955593
746,Emilia,Karna,Samoa,Lhasa,1030737773
747,Frank,Shama,Togo,Cockburn Town,1032686982
748,Nickie,Rhu,Malta,Atlanta,1071045467
749,Rubie,Nester,Tuvalu,Charlotte,1001969151
750,Myriam,Berriman,Denmark,Lusaka,1050192406
751,Aigneis,Juan,Seychelles,Enugu,1044404583
752,Arabel,Ludewig,El Salvador,The Valley,1099485246
753,Jessamyn,McLaughlin,Gambia,Ottawa,1087583154
754,Elsie,Carolin,Kenya,Gaborone,1087127165
755,Dorthy,Goldina,Guam,Kingston,1062153815
756,Lorie,Weinreb,Cuba,Surabaya,1075742222
757,Elvira,Richers,Australia,Addis Ababa,1018890377
758,Marti,Vivle,Faroe Islands,Chiang Mai,1023801429
759,Amalie,Anderea,Angola,Suez,1109075022
760,Addia,Gilmour,Costa Rica,Zanzibar City,1086759532
761,Alia,Berard,South Africa,Saskatoon,1096931086
762,Wynne,Pattin,British,Nanjing,1090583640
763,Sharlene,Peti,Gibraltar,Saint John,1030137818
764,Concettina,Naor,Israel,Cleveland,1072970519
765,Marnia,Willie,Cook Islands,Aarhus,1057407549
766,Alameda,Papageno,Fiji,Taiyuan,1028844128
767,Ashlee,Soneson,Venezuela,Simferopol,1097436873
768,Hallie,Edison,Tonga,Johannesburg,1050719180
769,Christy,Thunell,Micronesia,New Delhi,1079764955
770,Karlee,Cleo,Timor-Leste,Denver,1065916054
771,Harmonia,Malina,Malaysia,Surat,1076905881
772,Lolita,Eben,Sri Lanka,Basse-Terre,1036276270
773,Dominga,Persse,Estonia,Phoenix,1101473591
774,Katharina,Connelly,British Indian Ocean Territory,Dresden,1073139003
775,Jennica,Ortrude,Cameroon,Amman,1073008724
776,Brooks,Ashok,Honduras,Kinshasa,1007830275
777,Bee,Dominy,Togo,Naples,1072979134
778,Daryl,Bronk,Bahamas,Guwahati,1096417923
779,Meghann,Cornelia,Tajikistan,Tehran,1005366827
780,Katharina,Viddah,Zimbabwe,Incheon,1078799812
781,Alejandra,Lauraine,Saudi Arabia,Amsterdam,1053218575
782,Estell,Bronk,Gambia,Patna,1063013506
783,Phedra,Jacinda,Sri Lanka,Dresden,1035265841
784,Keelia,Elsinore,Dominican Republic,Helsinki,1000846124
785,Mariann,Gordon,Solomon Islands,Columbus,1103350084
786,Joeann,Sekofski,Maldives,Lviv,1071283583
787,Ayn,Jillane,Senegal,Malacca Town,1064277551
788,Olwen,Loeb,Hong Kong,Bujumbura,1004047790
789,Darci,Byrne,Cambodia,Porto Velho,1059369651
790,Ottilie,Rubie,Philippines,Horta (Azores),1103644049
791,Giustina,Johnsson,Egypt,Murmansk,1104839712
792,Leona,Pauly,Portugal,Tampere,1024511880
793,Giustina,Desai,AndorrA,Paramaribo,1101346410
794,Lenna,Boehike,Kyrgyzstan,La Serena,1100199761
795,Myriam,Donoghue,Cambodia,Leeds,1043466476
796,Sharlene,Atcliffe,Bosnia and Herzegovina,Damascus,1004804101
797,Violet,Oscar,French Southern Territories,Mecca,1089995965
798,Arlena,Ricki,Pakistan,Konya,1047617147
799,Rhea,Morrill,Saint Lucia,Kaliningrad,1103164438
800,Clo,Martguerita,Sweden,Rotterdam,1015605961
801,Farrah,Lia,Denmark,Hobart,1031677969
802,Debee,Abram,Tonga,Lanzhou,1053950483
803,Sam,Felizio,Benin,Faisalabad,1025277224
804,Jaclyn,Gordon,Mozambique,Stockholm,1025648207
805,Adore,Sisile,Eritrea,Miami,1021166780
806,Xylina,Prouty,Montserrat,Newcastle,1100133625
807,Pamella,Raychel,Angola,Islamabad,1078909398
808,Renie,Tound,Bosnia and Herzegovina,Caracas,1091665956
809,Sidoney,Chauncey,Kuwait,Vatican City,1054743395
810,Cristabel,Sperling,Nicaragua,Ibadan,1090479548
811,Hettie,Barney,Mali,Ludhiana,1096703621
812,Jessamyn,Aldric,Viet Nam,Pittsburgh,1089120416
813,Deloria,Lattie,Guatemala,Sofia,1068675580
814,Viviene,Lenny,Belarus,Macau,1095606208
815,Dolli,Korey,Saint Kitts and Nevis,Buffalo,1088542887
816,Silvana,Harned,Bosnia and Herzegovina,Surat,1025798301
817,Mathilda,Kauppi,Russian Federation,Las Vegas,1047272415
818,Veda,Ball,Gabon,Dushanbe,1010594313
819,Tori,Lattie,Maldives,Belgrade,1105485744
820,Kenna,Gerge,South Africa,Edinburgh,1005868481
821,Meghann,Faust,Norway,Columbus,1015061174
822,Fidelia,Simmonds,Luxembourg,Stepanakert,1014546490
823,Gratia,Elbertina,Burundi,St. George's,1003027820
824,Joleen,Anton,Armenia,Da Nang,1070321221
825,Blake,Khorma,Papua New Guinea,Islamabad,1089114279
826,Lyssa,Toffic,Bosnia and Herzegovina,Davao City,1051040380
827,Janey,Erich,Botswana,Valparaíso,1064946235
828,Concettina,Slifka,Ireland,Bloemfontein,1030775048
829,Emylee,Lane,Sao Tome and Principe,Jakarta,1095618680
830,Gisela,Harl,Bolivia,Praia,1023502355
831,Candy,Eliathas,Malaysia,Port-au-Prince,1110167908
832,Ninnetta,Jess,Swaziland,Adelaide,1064718744
833,Aigneis,Jefferey,Mayotte,Rome,1034540158
834,Frank,Beebe,Reunion,Rawalpindi,1086352346
835,Lindie,Drus,Uganda,Simferopol,1056769131
836,Daryl,Louanna,Swaziland,Rome,1090270483
837,Dania,Allina,Burundi,Jaipur,1016450705
838,Vevay,Adlare,Korea,Nanjing,1020876056
839,Lynea,Astra,Martinique,Serekunda,1100576774
840,Marcelline,Tomasina,Seychelles,Warsaw,1058907577
841,Jessy,Socha,Bosnia and Herzegovina,Las Palmas,1095406640
842,Tiffie,Klotz,United Kingdom,Stockholm,1012814304
843,Addia,Romelda,Nauru,Zapopan,1029809566
844,Teriann,Erb,Saint Kitts and Nevis,Rosario,1056798941
845,Gretal,Brenn,Singapore,Phnom Penh,1020609606
846,Almeta,Rillings,Cuba,Medellín,1058013698
847,Cacilie,Ochs,Lithuania,Invercargill,1025336959
848,Leontine,Cimbura,Samoa,Murmansk,1013810069
849,Tarra,Noelyn,New Zealand,Sana'a,1017781780
850,Sandie,Stanwood,Tunisia,Tampere,1001902336
851,Nelle,Sammons,Western Sahara,Auckland,1036970380
852,Sharai,Miru,Guinea,Chongjin,1065669803
853,Mara,Blase,Northern Mariana Islands,Nantes,1015743187
854,Perry,Penelopa,Kuwait,Karachi,1050014928
855,Vita,Pond,Qatar,Tbilisi,1004916921
856,Marjie,Pelagias,Malta,Chennai,1099125978
857,Deloria,Creamer,Ukraine,Wollongong,1040594528
858,Kaia,Nunci,Antarctica,Changchun,1018978700
859,Kaja,Ethban,Islands,City of Halifax,1054567198
860,Michaelina,Rogerio,Iceland,San Francisco,1077018166
861,Ginnie,Berl,Lebanon,Mexico City,1110543283
862,Ermengarde,An,Equatorial Guinea,Rio Branco,1051537263
863,Norine,Ursulette,Oman,Boston,1051190203
864,Frieda,Gower,France,Puebla,1077089229
865,Lanna,Boehike,Central African Republic,Siem Reap,1070197889
866,Lexine,Wesle,Bangladesh,Addis Ababa,1088187459
867,Marnia,Felecia,Oman,Brikama,1091907305
868,Devina,Riva,Croatia,Namangan,1083080266
869,Agnese,Ricarda,Comoros,Thiès,1007633969
870,Agathe,Rebecka,Falkland Islands,Vladivostok,1025007084
871,Moyna,Lesley,Russian Federation,Yaoundé,1035257386
872,Larine,Khorma,Nicaragua,Makati City,1026481858
873,Calla,Even,Cook Islands,Mumbai,1013649815
874,Marcelline,Greyson,Zimbabwe,Tirana,1057278395
875,Lauryn,Juliet,El Salvador,Athens,1000049143
876,Danika,Abernon,Congo,La Paz,1033576796
877,Hildegaard,Baudin,Serbia and Montenegro,Kandy,1015243732
878,Ronna,Bevin,Jersey,Rosario,1059931486
879,Dacia,Suzetta,Micronesia,Tehran,1040811450
880,Alexine,Kat,Burundi,Bogotá,1094460948
881,Alyda,Pernick,Brazil,Wichita,1024040672
882,Fernande,Gombach,India,Libreville,1061600890
883,Xylina,Dannye,Guatemala,Islamabad,1087907382
884,Basia,Suanne,Guinea,Jerusalem,1047507905
885,Marita,Fleeta,Switzerland,Kansas City,1082647846
886,Minne,My,Trinidad and Tobago,Phnom Penh,1091931879
887,Fred,Albertine,Central African Republic,Blantyre,1031191042
888,Marguerite,Mayeda,Thailand,Kingstown,1107489296
889,Moyna,Dorcy,Lithuania,Memphis,1053896797
890,Lila,Tristram,Israel,Vaduz,1023002758
891,Nananne,Nance,Papua New Guinea,Xining,1031888819
892,Rhoda,Magnolia,Egypt,Ljubljana,1071230180
893,Zsa Zsa,Arley,Pitcairn,Belmopan,1072375827
894,Ofilia,Parsaye,Latvia,Harare,1019679054
895,Fidelia,Soneson,Papua New Guinea,Invercargill,1086572654
896,Halette,Gaspard,Zambia,Honiara,1038621498
897,Gloria,Hilbert,Falkland Islands,Juneau,1084757613
898,Lauryn,Kendrick,Macao,Santa Cruz de Tenerife,1083858009
899,Robbi,Henebry,Bolivia,Izmir,1017424884
900,Fredericka,Herrera,El Salvador,Kharkiv,1049623060
901,Fred,Kevon,Czech Republic,Dammam,1066340396
902,Althea,Teryn,Tunisia,Shenyang,1017152125
903,Tomasina,Niccolo,Honduras,Belize City,1065997466
904,Pollyanna,Maisey,Germany,Espoo,1034777237
905,Dione,Karna,United States Minor Outlying Islands,Liverpool,1081234575
906,Cristine,Valerio,Malawi,Bratislava,1087353947
907,Siana,Carleen,Dominica,Adamstown,1035009098
908,Deirdre,Beniamino,Cayman Islands,Munich,1039327980
909,Petronia,Argus,Saint Helena,Ndola,1050902082
910,Bernie,Elsinore,Congo,Asunción,1036063689
911,Violet,Georas,Czech Republic,Serekunda,1008558795
912,Philis,Capello,Netherlands,Kandy,1023487319
913,Shell,Constancy,French Guiana,Ambon,1070880389
914,Laure,Kylander,San Marino,Patna,1068249277
915,Jackie,Salvidor,Ecuador,Guadalajara,1094128709
916,Louella,Izaak,Barbados,Ljubljana,1013248383
917,Aili,Harl,Turks and Caicos Islands,Kansas City,1065445057
918,Alyda,Keily,Egypt,Brikama,1031263448
919,Fayre,Lalitta,Belgium,Mamoudzou,1054240531
920,Tori,Shaddock,Cocos Islands,Oklahoma City,1000373762
921,Perry,Yuille,Dominica,Minneapolis,1090847332
922,Misha,Haerr,Isle of Man,Dededo,1096631956
923,Tabbatha,Milson,Korea,Nagoya,1064015086
924,Elie,Lorain,Reunion,Medan,1030284925
925,Marinna,Fillbert,Zambia,Osaka,1029280389
926,Joane,Demitria,United Arab Emirates,Sabha,1059754862
927,Ketti,Taima,Bhutan,Longyearbyen,1076034635
928,Carree,Lytton,Vanuatu,Darwin,1021466786
929,Minda,Hachmin,Tajikistan,Balikpapan,1055676826
930,Shel,Edvard,Bolivia,Multan,1007619946
931,Harmonia,Kesley,Aruba,Luxembourg,1035795618
932,Dale,Craggie,Guyana,Puebla,1084073393
933,Sharai,Madox,Bouvet Island,Brasília,1099259399
934,Cecile,Hirsch,British Indian Ocean Territory,Samara,1020494402
935,Jasmina,Oriana,Azerbaijan,Melbourne,1070659364
936,Georgina,Maribeth,Argentina,Murmansk,1002527429
937,Therine,Johanna,Yemen,Calgary,1064353312
938,Jany,Drus,Isle of Man,Colombo,1100967277
939,Lanna,Brodench,Ireland,Port Louis,1093826521
940,Cristine,Sancho,Switzerland,Hanoi,1031441783
941,Melisent,Fink,Kazakhstan,Mashhad,1001758546
942,Valli,Bendick,Monaco,Valdivia,1074953862
943,Fanchon,Donoghue,New Caledonia,Milan,1094660694
944,Caritta,Tamar,Iraq,Antofagasta,1109901292
945,June,Dom,Saint Pierre and Miquelon,Alor Star,1075012214
946,Janis,Modie,Burundi,Funafuti,1062789458
947,Ilse,Sallyann,Bahamas,Bogota,1017214750
948,Eadie,Germann,AndorrA,Rome,1075044747
949,Esmeralda,Kevon,Barbados,Nice,1106021291
950,Fredericka,Gavrila,Pitcairn,Cape Town,1087662445
951,Elena,Kravits,Guatemala,Libreville,1006369765
952,Kimmy,Terencio,Bermuda,Rabat,1056500154
953,Gwenneth,Oriana,Sierra Leone,Vladivostok,1057555378
954,Heddie,Isacco,Turkey,Johannesburg,1070909974
955,Mahalia,Himelman,French Polynesia,Tampa,1073454273
956,Arlina,Martguerita,Tunisia,Jeddah,1100811886
957,Kittie,Yusuk,Dominican Republic,Namangan,1019853165
958,Marnia,Erlandson,Armenia,Managua,1013471762
959,Aeriela,Holbrook,Hong Kong,Suez,1099444773
960,Gloria,Leary,French Guiana,Zapopan,1067785132
961,Therine,Wenoa,Anguilla,Managua,1104247833
962,Gilligan,Douglass,Cape Verde,Koulikoro,1058417583
963,Jasmina,Connelly,Algeria,Lagos,1092484097
964,Devina,Lane,Saint Kitts and Nevis,Reykjavík,1108739104
965,Ericka,Goth,Slovenia,Ahmedabad,1070546160
966,Pamella,Yate,Kuwait,Fairbanks,1044489173
967,Bernie,McClimans,Ethiopia,Pekanbaru,1095509663
968,Christian,Liva,Croatia,Moroni,1054915624
969,Vere,Zeeba,Comoros,Nashville,1005850078
970,Lesly,Sparhawk,Mexico,Gold Coast,1026223425
971,Ketti,Halla,Cuba,Jayapura,1010783592
972,Nessie,Rosalba,Myanmar,Kaliningrad,1013118452
973,Heida,Nicoline,Tajikistan,San Francisco,1059830462
974,Alyssa,Vins,Mauritania,Zanzibar City,1065024343
975,Cassondra,Rogerio,Cuba,Bissau,1005409896
976,Addia,Yoko,Malawi,Novosibirsk,1004859436
977,Monika,Elsinore,Benin,Brussels,1078555344
978,Kate,Edvard,Maldives,Minneapolis,1007231335
979,Corene,Grimbly,Bosnia and Herzegovina,Medan,1007511214
980,Nataline,Si,Myanmar,Chişinău,1071542021
981,Mady,August,South Georgia and the Sou,London,1030610556
982,Vevay,Manolo,Montserrat,Zagreb,1017669038
983,Kore,Wind,Serbia and Montenegro,Gibraltar,1030078209
984,Vivia,Kosey,Nigeria,Ankara,1091449485
985,Daphne,Zetta,Iraq,Chicago,1032740755
986,Arabel,Milson,India,Lisbon,1085720100
987,Lelah,Ashely,Sudan,The Valley,1056570693
988,Therine,Haymes,Equatorial Guinea,London,1054788184
989,Ayn,Krystle,United Arab Emirates,Sri Jayawardenapura-Kotte,1026102664
990,Joane,Bohlin,Norfolk Island,Leeds,1046516505
991,Maud,Kevon,Niue,Bucharest,1033244419
992,Binny,Melony,Maldives,Rio de Janeiro,1081783571
993,Sadie,Mehalek,Slovenia,Ibiza,1075895231
994,Kirstin,Ursulette,Norway,Wellington,1051200207
995,Carolina,Deegan,Dominica,Providence,1110583317
996,Adelle,Alisia,Martinique,Toulouse,1033241821
997,Merrie,Melan,Haiti,Managua,1003322938
998,Jacquetta,Suanne,United States,Kraków,1031498058
999,Corry,Celestine,Canada,Ibadan,1071526061
1000,Arabel,Lay,Sweden,Dalian,1019772241
1001,Barbi,Korey,Zambia,Jersey City,1079908799
1002,Yetty,Wooster,Kazakhstan,Siem Reap,1088064352
1003,Patricia,Rosette,Dominica,Hangzhou,1016579665
1004,Rosabelle,Tybald,Macedonia,Abuja,1101707948
1005,Kenna,Arley,Albania,Vitoria,1103887739
1006,Justinn,Yusuk,Ghana,Edinburgh,1088674886
1007,Etta,Ashely,Jamaica,Harare,1094029468
1008,Joane,Lail,Qatar,Andorra la Vella,1096194778
1009,Linet,O'Rourke,Uruguay,Amman,1049084015
1010,Kara-Lynn,Naor,Antigua and Barbuda,Islamabad,1072548482
1011,Ariela,Emmaline,RWANDA,Gold Coast,1102015451
1012,Leia,Alabaster,Serbia and Montenegro,Naypyidaw,1035552811
1013,Juliane,Hedve,Central African Republic,Tripoli,1032524824
1014,Livvyy,Bennie,Lebanon,Stepanakert,1094903399
1015,Benita,Harned,Ecuador,Kharkiv,1100750687
1016,Sandie,Blisse,Fiji,Karachi,1001826417
1017,Britte,Colyer,Zambia,Guatemala City,1004375615
1018,Mara,Garlinda,Mauritius,Baku,1043439168
1019,Jordan,Wadell,Western Sahara,Surat,1056146659
1020,Doralynne,Elephus,Gabon,Taichung,1034509417
1021,Caritta,Audly,Guam,Frankfurt,1036067928
1022,Shaylyn,Zaslow,Heard Island and Mcdonald Islands,Valencia,1097891805
1023,Jackie,Huggins,Saint Pierre and Miquelon,Lhasa,1017127836
1024,Gale,Goddard,Pitcairn,Palma,1010766802
1025,Therine,Chandler,Mozambique,Palikir,1060733397
1026,Claudina,Liva,Kyrgyzstan,Lobamba,1012181082
1027,Rosabelle,Dichy,Puerto Rico,Tallinn,1041553094
1028,Laure,Ferrell,Ireland,Harare,1055017624
1029,Joleen,Euridice,Viet Nam,Guadalajara,1018859927
1030,Violet,Amethist,Jordan,Nassau,1005223967
1031,Gertrud,Shaddock,Pakistan,Faisalabad,1096649962
1032,Ermengarde,Glenden,Ghana,Dushanbe,1018708704
1033,Valera,Dominy,Bahamas,Copenhagen,1025541322
1034,Carmencita,Mendez,Togo,Las Vegas,1076730666
1035,Kathi,Hirsch,Switzerland,Beijing,1004443315
1036,Ketti,Dominy,Kenya,Porto,1072482315
1037,Nita,Kunin,Honduras,Shenzhen,1088374718
1038,Kimberley,Karna,South Georgia and the South Sandwich Islands,Innsbruck,1025007983
1039,Noelle,Tomasina,Tanzania,South Tarawa,1095566335
1040,Ginnie,Bashemeth,New Caledonia,Podgorica,1061806206
1041,Celene,Corilla,Austria,Nagpur,1030803586
1042,Shannah,Thilda,Nigeria,Macapa,1038117246
1043,Doro,Heidt,Qatar,Tehran,1081401965
1044,Stephanie,Urania,Sao Tome and Principe,Buenos Aires,1041205335
1045,Priscilla,McCutcheon,Tajikistan,Amritsar,1037740801
1046,Dyann,McGrody,Lebanon,Las Vegas,1016904389
1047,Fredericka,Riva,Northern Mariana Islands,Maracaibo,1087813950
1048,Ethel,Meter,Cayman Islands,Innsbruck,1050794259
1049,Priscilla,Uund,Israel,Mogadishu,1001730599
1050,Patricia,Noman,Gabon,Iloilo City,1087174856
1051,Annabela,Georas,Saudi Arabia,Gaziantep,1014783772
1052,Maye,Tybald,Afghanistan,Makassar,1067176571
1053,Amalie,Burch,France,Alofi,1056728122
1054,Tabbatha,Cassius,Myanmar,Handan,1058412497
1055,Vere,Cloris,British Indian Ocean Territory,Kandahar,1036284285
1056,Camile,Vilma,Congo,Edmonton,1032517094
1057,Talya,Dom,China,Porto,1095132109
1058,Nickie,Leler,El Salvador,Guangzhou,1096753244
1059,Lindie,Suanne,Saint Kitts and Nevis,George Town,1005686002
1060,Shel,Koehler,Italy,Kano,1082202946
1061,Merle,Sherrie,Saint Pierre and Miquelon,Milan,1013324363
1062,Hermione,Fabiola,Libyan Arab Jamahiriya,Hanga Roa,1025080266
1063,Riannon,Wilona,Thailand,Veracruz,1081148482
1064,Anthia,Kaja,Timor-Leste,Basse-Terre,1018068406
1065,Goldie,Karylin,Lesotho,Tegucigalpa,1053087550
1066,Dawn,Glovsky,United States,Asunción,1104307813
1067,Morganica,Nedrud,Mauritania,Antwerp,1030358083
1068,Tani,Zetta,Suriname,Pune,1079456074
1069,Kayla,Friede,Nicaragua,Bratsk,1010687682
1070,Phedra,Madaih,Argentina,Pretoria,1096634100
1071,Melisent,Dulciana,Bermuda,Tiraspol,1055194257
1072,Bertine,Auberbach,Mauritania,Edinburgh,1037081567
1073,Zia,Chobot,Niue,Ibadan,1015242375
1074,Ermengarde,Eldrid,Tonga,Tagbilaran,1037640669
1075,Meg,Kalinda,American Samoa,Montevideo,1081299695
1076,Tybie,Mata,Suriname,Maceio,1097083770
1077,Sibella,Chapland,Tunisia,Alexandria,1087973828
1078,Meriel,Sasnett,Taiwan,Lisbon,1088501670
1079,Kittie,Alfons,Syrian Arab Republic,Hue,1092591960
1080,Alie,Wooster,United Kingdom,Cape Town,1027772224
1081,Talya,Talia,AndorrA,Birmingham,1080180233
1082,Goldie,Allys,Western Sahara,Leeds,1050396890
1083,Florie,Ahab,Malaysia,Portland,1103065972
1084,Celisse,Holtz,Liechtenstein,Mexico City,1045438567
1085,Leeanne,Albertine,Guinea,Belgrade,1082972428
1086,Trixi,Garlinda,Mayotte,Guadalajara,1088143260
1087,Elmira,Uund,Egypt,Oklahoma City,1092581027
1088,Jeanna,Gower,Northern Mariana Islands,Turin,1052576146
1089,Charlena,McClimans,Christmas Island,Namangan,1026672570
1090,Dorthy,Leifeste,Timor-Leste,İzmir,1054685319
1091,Anthia,Bryna,Azerbaijan,São Tomé,1070763453
1092,Gratia,Chauncey,Jordan,Colombo,1085345428
1093,Valera,Ruvolo,Norfolk Island,Phnom Penh,1101240369
1094,Amelia,Anyah,U.S,Nashville,1008617863
1095,Mariann,Velick,Marshall Islands,Baku,1098657845
1096,Nickie,Bow,Canada,Santiago,1056917250
1097,Emilia,Alva,Myanmar,Tallinn,1094676153
1098,Ricky,Ramona,United Arab Emirates,Brisbane,1084775882
1099,Meriel,Emanuel,Gibraltar,Bujumbura,1022346600